stat_id,mean_summer_prec,mean_fall_prec,mean_annual_prec,mean_wet_days,mean_summer_temp,mean_winter_temp,catch_id,position,fylke,area_total,height_minimum,height_hypso_10,height_hypso_20,height_hypso_30,height_hypso_40,height_hypso_50,height_hypso_60,height_hypso_70,height_hypso_80,height_hypso_90,height_maximum,gradient_1085,length_km_river,perc_forest,perc_lake,perc_mountain,specific_runoff,is_east,utm_east_z33,utm_north_z33,longitude,latitude
aarvik,447.932727272727,741.897272727273,6.65089106446528,0.514250189516849,10.2347694334651,-4.14134318334453,046.5B,8470 E 6703820 N,Vestland,14.6,206.0,488.0,588.0,682.0,752.0,801.0,860.0,894.0,932.0,991.0,1183.0,74.2,11.4,9.9,7.2,73.9,106.6,TRUE,8470,6703820,6.1233438698461,60.1730981879045
aasedoela,498.745757575758,869.393636363636,8.12525678254377,0.544541289669258,10.9123847167325,-3.38731027535259,084.7AB,12129 E 6855231 N,Vestland,20.9,260.0,393.0,471.0,532.0,575.0,628.0,680.0,729.0,801.0,862.0,1063.0,52.2,10.0,28.6,2.4,55.6,98.9,TRUE,12129,6855231,5.80775512097569,61.5201247751608
ardalen,646.070303030303,1070.86878787879,9.69126939351199,0.550779718344435,10.5789196310935,-3.78430826057757,061.4B3,5307 W  6739932 N,Vestland,17.3,320.0,488.0,599.0,659.0,713.0,734.0,751.0,764.0,787.0,846.0,972.0,79.3,6.4,13.4,8.1,73.2,117.3,FALSE,-5307,6739932,5.78769255899777,60.4764134985043
bergsaai,321.09303030303,352.430303030303,3.18608811084377,0.368048880003728,10.133152173913,-6.40237071860309,019.H2A,112767 E 6594160 N,Vestfold og Telemark,15.5,614.0,728.0,791.0,856.0,898.0,934.0,954.0,978.0,1010.0,1042.0,1187.0,49.3,8.5,50.0,7.4,34.1,48.0,TRUE,112767,6594160,8.19140782080692,59.3079158064286
bergstoe,462.835757575758,856.765151515152,8.08502032688957,0.497899119073408,8.91317852437418,-5.64277367360645,042.3DB,24505 E 6672567 N,Vestland,8.8,622.0,764.0,823.0,874.0,923.0,976.0,1015.0,1071.0,1125.0,1186.0,1353.0,103.1,5.5,1.3,3.2,90.3,102.5,TRUE,24505,6672567,6.48140385239863,59.9145631556089
birkaas,542.687575757576,970.616363636364,8.71475151414586,0.539565094349273,10.3262450592885,-4.15137676292814,080.22D,1087 E 6822621 N,Vestland,3.0,506.0,558.0,608.0,651.0,688.0,708.0,730.0,748.0,770.0,811.0,915.0,57.7,4.3,14.4,3.5,76.8,112.1,TRUE,1087,6822621,5.68996297562512,61.217192872779
bjoergum,265.845757575758,343.747878787879,2.98676678005476,0.370870209087944,10.336231884058,-5.40058092679651,021.E5B0,74168 E 6575359 N,Agder,38.5,553.0,678.0,740.0,778.0,808.0,841.0,866.0,892.0,924.0,990.0,1214.0,38.1,13.3,67.9,5.6,19.9,25.9,TRUE,74168,6575359,7.55583347430814,59.1034395194675
bjoerndalen,491.854242424243,866.212727272727,8.05248319920352,0.539230726392224,8.98384387351779,-6.03071860308932,062.BAA,20486 E 6765317 N,Vestland,12.0,482.0,724.0,844.0,923.0,974.0,1035.0,1084.0,1129.0,1172.0,1224.0,1425.0,140.1,6.2,5.3,1.4,89.9,112.9,TRUE,20486,6765317,6.18966137062269,60.7331203657275
blaadalselva,672.723636363636,1132.32393939394,10.0131220443043,0.569784365627156,11.9119631093544,-1.7252518468771,065.7BB,21427 W  6774693 N,Vestland,5.6,272.0,273.0,306.0,353.0,385.0,416.0,458.0,503.0,564.0,624.0,705.0,92.6,3.4,33.4,12.5,51.1,119.8,FALSE,-21427,6774693,5.40669735767798,60.7637139744839
bordalselva,389.546666666667,587.461212121212,5.69754252053431,0.469159840839943,10.9980072463768,-3.92603760913365,105.23A,126058 E 6980191 N,Møre og Romsdal,6.3,301.0,350.0,394.0,460.0,514.0,565.0,611.0,653.0,700.0,788.0,1067.0,23.7,2.6,40.2,0.3,43.8,65.1,TRUE,126058,6980191,7.66584559036197,62.7601889376023
brekke,250.715454545455,291.331515151515,2.52343482950303,0.342396879535476,15.1007048748353,-2.32069509738079,002.AA22,285999 E 6594972 N,Viken,463.0,37.0,111.0,118.0,124.0,135.0,143.0,157.0,175.0,193.0,216.0,323.0,1.0,47.2,65.8,2.7,0.0,14.0,TRUE,285999,6594972,11.2257349823844,59.4386653733319
bruvollelva,288.651818181818,355.004242424242,3.62802953621505,0.458281175947783,12.1236725955204,-4.91384150436535,128.D2A,369442 E 7130287 N,Trøndelag,79.8,140.0,182.0,229.0,264.0,294.0,324.0,356.0,384.0,429.0,507.0,774.0,6.1,13.7,71.7,2.5,8.1,32.3,TRUE,369442,7130287,12.3037434307938,64.273744607967
buer,250.743636363636,291.052424242424,2.52136231643574,0.342812168629648,15.0843807641634,-2.3332202820685,002.AA8,289567 E 6594313 N,Viken,441.0,78.0,113.0,119.0,126.0,136.0,145.0,160.0,178.0,195.0,217.0,323.0,0.7,42.6,66.4,2.8,0.0,14.0,TRUE,289567,6594313,11.2891556035944,59.4345610020671
byrkjelo,250.743636363636,291.052424242424,2.52136231643574,0.342812168629648,15.0843807641634,-2.3332202820685,087.CA1,53350 E 6874310 N,Vestland,112.0,264.0,434.0,707.0,902.0,1022.0,1145.0,1281.0,1418.0,1535.0,1617.0,1820.0,21.3,15.6,15.4,3.9,50.5,81.1,TRUE,53350,6874310,6.52749184928117,61.7393631905994
byro,390.527272727273,770.124242424242,6.62186592549573,0.496151358895472,6.03403162055336,-9.16239422431162,048.311A,32408 E 6705040 N,Vestland,3.6,496.0,880.0,1128.0,1301.0,1421.0,1486.0,1531.0,1567.0,1593.0,1622.0,1643.0,440.2,1.6,3.4,0.1,31.9,105.0,TRUE,32408,6705040,6.54721872911196,60.2120248911433
dahlefoss,314.656363636364,508.319696969697,4.66829585995188,0.492485358615885,12.3626613965744,-2.72017797179315,137.7C5,306329 E 7152513 N,Trøndelag,75.1,51.0,110.0,135.0,173.0,210.0,244.0,285.0,337.0,391.0,465.0,610.0,11.0,19.2,46.5,7.8,32.9,41.2,TRUE,306329,7152513,10.9745448817934,64.4429228642249
deveggaae,266.038181818182,246.155151515152,2.30337758234464,0.326040808347606,8.77909090909091,-8.20821356615178,015.JB61B,158176 E 6692902 N,Viken,20.8,863.0,946.0,972.0,1041.0,1126.0,1167.0,1194.0,1212.0,1221.0,1280.0,1394.0,54.4,8.2,11.2,2.2,55.9,24.6,TRUE,158176,6692902,8.82294561693577,60.2287297969416
doela,306.652121212121,323.96696969697,3.26939849000249,0.444248405160314,11.9505928853755,-4.52354600402955,128.3A2B,337136 E 7095299 N,Trøndelag,18.0,283.0,325.0,336.0,345.0,352.0,361.0,372.0,392.0,423.0,477.0,565.0,9.9,8.4,42.0,2.9,11.2,42.0,TRUE,337136,7095299,11.6754834241621,63.9464996121694
dokkelva,421.552727272727,493.767878787879,5.09020077988882,0.425651318548557,9.68555006587615,-6.1171524513096,104.3A1,150046 E 6968054 N,Møre og Romsdal,40.5,153.0,527.0,632.0,729.0,794.0,866.0,922.0,1000.0,1105.0,1249.0,1705.0,79.7,10.0,16.5,1.9,71.8,67.3,TRUE,150046,6968054,8.15734860126989,62.6756976009098
duvedalen,570.447575757576,971.666363636364,8.58810005807683,0.559155965263011,10.5086067193676,-3.79669576897247,069.3AB,12404 W  6795428 N,Vestland,5.0,411.0,560.0,603.0,654.0,671.0,697.0,727.0,748.0,766.0,795.0,848.0,154.3,0.9,11.0,11.4,77.1,151.0,FALSE,-12404,6795428,5.51525248153327,60.9590256192189
eidsetelva,443.850909090909,872.759393939394,8.2761138305816,0.529509279222248,9.45364624505929,-5.27900604432505,094.212B,24909 E 6910794 N,Møre og Romsdal,2.9,395.0,595.0,726.0,839.0,869.5,900.0,963.0,1002.0,1027.0,1061.0,1264.0,259.3,1.9,0.0,14.6,84.8,124.2,TRUE,24909,6910794,5.89939907650345,62.0286309537128
ekkjestoelen,431.317272727273,790.832121212121,7.07966647307724,0.488095386926918,8.56492424242424,-6.05859973136333,036.E2A,37688 E 6655584 N,Vestland,6.3,848.0,890.0,912.0,951.0,994.0,1035.0,1080.0,1148.0,1218.0,1273.0,1420.0,16.2,4.5,0.0,9.4,90.7,97.4,TRUE,37688,6655584,6.75235700715265,59.7786176604779
engesetelva,643.944545454546,1190.8296969697,10.4741002240106,0.568126164235812,11.4079249011858,-2.37471457353929,069.31B,17824 W  6799690 N,Vestland,3.9,379.0,459.0,481.0,506.0,533.0,553.0,571.0,586.0,604.0,626.0,682.0,70.0,3.4,20.4,6.1,72.6,148.9,FALSE,-17824,6799690,5.40509684898872,60.98970846521
fiskloeysa,443.850909090909,872.759393939394,8.2761138305816,0.529509279222248,9.45364624505929,-5.27900604432505,307.3AB2A,452343 E 7147261 N,Trøndelag,57.4,508.0,685.0,734.0,780.0,808.0,836.0,883.0,939.0,996.0,1066.0,1267.0,15.3,18.0,16.8,3.5,72.5,40.4,TRUE,452343,7147261,14.0097615775403,64.4475680095097
fivelandselva,422.738181818182,787.509696969697,7.00702729610885,0.489670166808923,11.1289163372859,-3.72554398925453,037.AA1A,18754 E 6647074 N,Rogaland,5.7,373.0,531.0,579.0,615.0,635.0,667.0,699.0,735.0,768.0,802.0,903.0,96.2,4.7,59.4,4.4,33.6,91.5,TRUE,18754,6647074,6.43836313180891,59.6815591493939
fjellbergsaano,474.908181818182,775.161818181818,7.10757736663071,0.485437718569469,11.380477602108,-3.35349563465413,035.A6A2,15097 E 6613250 N,Rogaland,5.0,251.0,413.0,495.0,580.0,638.0,705.0,735.0,761.0,783.0,802.0,971.0,148.1,4.3,34.9,0.9,49.0,72.4,TRUE,15097,6613250,6.45110094574727,59.37699325445
follsjaa,284.67303030303,278.730606060606,2.50478967891811,0.320808438528917,12.813465085639,-5.22202820685024,016.F3A,174686 E 6629224 N,Vestfold og Telemark,109.0,221.0,223.0,260.0,314.0,362.0,438.0,528.0,667.0,760.0,877.0,1302.0,45.0,20.4,67.8,15.1,9.4,12.3,TRUE,174686,6629224,9.21968083509157,59.6734192344459
fosstveit,317.110606060606,471.517878787879,3.82328714842778,0.364473802350123,15.049476284585,-1.78237407656145,018.C12,146387 E 6516184 N,Agder,349.0,13.0,108.0,157.0,189.0,199.0,219.0,239.0,262.0,293.0,340.0,506.0,6.0,41.7,82.8,9.6,0.0,24.4,TRUE,146387,6516184,8.90308027503209,58.6411467825902
furegardane,381.614242424242,672.364545454546,6.25798971210487,0.511507281197542,10.7573056653491,-3.81270651443922,062.C1A,17156 E 6753189 N,Vestland,14.1,310.0,474.0,543.0,595.0,637.0,684.0,721.0,773.0,842.0,923.0,1129.0,79.5,6.2,37.6,0.3,49.3,80.1,TRUE,17156,6753189,6.15912718664741,60.6215213522012
gapestad,250.715454545455,291.331515151515,2.52343482950303,0.342396879535476,15.1007048748353,-2.32069509738079,002.AA12,286910 E 6594607 N,Viken,462.0,56.0,111.0,118.0,124.0,135.0,143.0,158.0,175.0,193.0,216.0,323.0,1.0,46.2,65.8,2.7,0.0,14.0,TRUE,286910,6594607,11.242124955151,59.43585743063
gjerde,433.191818181818,739.934848484849,6.78350618103377,0.491748885345432,9.42353425559947,-4.99887508394896,046.32A1A,19281 E 6696312 N,Vestland,3.8,432.0,609.0,718.0,825.0,898.0,964.0,1018.0,1050.0,1088.0,1165.0,1304.0,206.6,3.4,3.7,2.6,93.4,83.0,TRUE,19281,6696312,6.33363055922363,60.1193108452475
gosland,358.090606060606,639.492424242424,6.08780386625736,0.494324723339497,9.30251317523057,-5.54727333781061,062.E13A,26201 E 6749651 N,Vestland,3.4,391.0,458.0,592.0,685.0,795.0,891.0,988.0,1082.0,1122.0,1163.0,1222.0,235.4,3.7,37.8,1.3,59.8,97.1,TRUE,26201,6749651,6.33099092677424,60.6008960976621
gosland_sideinntak,377.917575757576,669.897575757576,6.42992532979341,0.501050497289937,8.56368906455863,-6.39092679650772,062.E12B,25659 E 6749796 N,Vestland,3.1,420.0,596.0,680.0,785.0,879.0,963.0,1029.0,1070.0,1099.0,1123.0,1203.0,208.6,4.0,27.0,1.4,68.8,99.2,TRUE,25659,6749796,6.32085899528105,60.6015436757911
grislefoss,401.234545454545,699.37696969697,5.88042064216378,0.457630169945753,14.2054743083004,0.029341840161182,023.A2A,49356 E 6468871 N,Agder,30.7,47.0,124.0,165.0,195.0,216.0,230.0,240.0,251.0,263.0,278.0,310.0,13.9,10.0,77.9,9.3,4.8,42.8,TRUE,49356,6468871,7.33810486077381,58.1303478617608
groeslandselva,271.034848484849,235.507272727273,2.16127603086369,0.303379480354462,9.71147891963109,-8.04982538616521,012.CC4B1,189976 E 6710500 N,Viken,46.0,387.0,776.0,846.0,883.0,925.0,966.0,1011.0,1039.0,1086.0,1198.0,1443.0,38.4,21.4,39.1,3.5,35.2,29.7,TRUE,189976,6710500,9.36710590397515,60.411422386531
gryta,305.545454545455,375.60696969697,3.73468845930474,0.45039318353073,11.6568708827404,-3.42699798522498,112.C4A,205249 E 7005798 N,Trøndelag,7.7,319.0,388.0,415.0,435.0,451.0,463.0,476.0,491.0,502.0,524.0,610.0,26.6,6.9,13.4,2.1,2.0,44.4,TRUE,205249,7005798,9.16277440886512,63.0610962092321
grytendal,469.42303030303,733.52303030303,7.17797477806355,0.525361161718392,10.1929710144928,-7.08298858294157,144.61AB0,397571 E 7230665 N,Nordland,30.0,216.0,344.0,424.0,515.0,590.0,643.0,683.0,732.0,796.0,843.0,996.0,340.2,1.6,9.3,3.9,77.1,92.5,TRUE,397571,7230665,12.8125522399989,65.1833604417679
grytfossen,343.889090909091,271.46696969697,2.75937028125778,0.348546204037192,10.5413405797101,-7.41430826057757,012.EDAAB12,225588 E 6773448 N,Innlandet,106.0,567.0,685.0,750.0,795.0,831.0,861.0,894.0,966.0,1038.0,1117.0,1411.0,19.3,24.2,57.9,2.0,18.8,22.7,TRUE,225588,6773448,9.92281254288353,61.0001478683563
hammerstrand,230.884242424242,237.506363636364,2.40571310047291,0.378160385239166,12.3993873517787,-3.11866689053056,122.21Z,256489 E 7027978 N,Trøndelag,10.5,174.0,248.0,275.0,294.0,313.0,329.0,339.0,350.0,360.0,372.0,413.0,33.1,6.8,76.2,5.4,0.0,20.8,TRUE,256489,7027978,10.1395419686742,63.2975592896854
hansfoss,352.530909090909,338.416666666667,3.38405044387289,0.442422224217469,12.2928359683794,-3.86698119543318,126.6B6,324960 E 7070362 N,Trøndelag,69.8,119.0,192.0,239.0,279.0,293.0,320.0,385.0,440.0,473.0,528.0,731.0,18.7,13.7,65.1,3.7,5.0,27.3,TRUE,324960,7070362,11.4557250252937,63.7172359972037
harstveitbekken,333.566666666667,446.588484848485,3.67083962498963,0.367549714787088,12.6467490118577,-3.81060443250504,019.CAB,116719 E 6544035 N,Agder,12.3,446.0,537.0,549.0,551,553,555.0,569.0,588.0,607.0,627.0,697.0,12.9,6.7,51.3,33.2,2.1,36.4,TRUE,116719,6544035,8.34783812939028,58.8644387405007
havdal,282.373333333333,281.308787878788,2.91991288475898,0.426975151982852,10.4418675889328,-7.24937206178643,307.3B6A4,436719 E 7168836 N,Trøndelag,120.0,363.0,474.0,535.0,572.0,594.0,612.0,647.0,684.0,729.0,792.0,1003.0,9.9,26.6,31.5,11.3,31.6,35.4,TRUE,436719,7168836,13.6758573558372,64.6385725886005
heggtveit,318.749696969697,354.975757575758,3.17633286318759,0.377762598750496,10.1476152832675,-6.2488280725319,019.H22B,105909 E 6597775 N,Vestfold og Telemark,3.1,682.0,757.0,794.0,834.0,867.0,893.0,917.0,945.0,971.0,1001.0,1060.0,93.9,3.4,56.6,0.8,37.9,44.5,TRUE,105909,6597775,8.06524667559807,59.333808680596
heggtveit_sideinntak,325.813939393939,363.031212121212,3.24863353521945,0.379589234306471,10.5825,-5.98803895231699,019.H23B,105661 E 6598142 N,Vestfold og Telemark,4.2,701.0,769.0,795.0,813.0,830.0,852.0,865.0,879.0,896.0,917.0,963.0,33.6,4.1,49.4,1.9,41.4,42.5,TRUE,105661,6598142,8.06024933219982,59.3368488883094
helgaaa,462.717575757576,882.109090909091,8.04462623413258,0.534821660951801,10.0921772068511,-4.33254197447952,093.2CA,18471 E 6914647 N,Møre og Romsdal,2.7,597.0,693.0,700.0,702.5,705.0,731.0,774.0,824.0,876.0,931.0,1109.0,34.3,2.8,0.0,21.8,78.0,111.1,TRUE,18471,6914647,5.76752221344527,62.0546437834703
hjortelandsaano_inntak_1,496.219393939394,799.820606060606,7.32063220774911,0.488674564054422,11.4537417654809,-3.28692411014103,035.A4B,14334 E 6613106 N,Rogaland,2.9,340.0,447.0,506.0,530.0,555.0,588.0,625.0,669.0,721.0,756.0,810.0,193.2,2.7,55.3,0.4,26.3,67.1,TRUE,14334,6613106,6.43814760685054,59.3748373595265
hjortelandsaano_inntak_2,491.633939393939,797.454848484849,7.30328963743466,0.488675473280682,11.9050988142293,-2.80321692411014,035.A4AA,14585 E 6613398 N,Rogaland,2.8,337.0,512.0,536.0,566.0,595.0,618.0,644.0,670.0,703.0,758.0,805.0,108.0,3.3,53.0,1.7,35.2,74.4,TRUE,14585,6613398,6.44185731815492,59.3777190403153
hoelera,285.049393939394,208.373939393939,2.09794325064299,0.331937595255657,10.3735046113307,-7.72675285426461,012.HA0,209060 E 6747728 N,Innlandet,223.0,252.0,760.0,801.0,824.0,841.0,870.0,914.0,961.0,1021.0,1071.0,1292.0,11.6,32.8,56.5,4.0,12.4,14.7,TRUE,209060,6747728,9.65721757067509,60.7584145704559
holen,294.23303030303,547.167878787879,4.91526176055754,0.4665014905628,8.55004281949934,-7.00034251175285,077.C2A,76921 E 6828178 N,Vestland,28.9,392.0,640.0,770.0,877.0,976.0,1053.0,1155.0,1251.0,1329.0,1432.0,1641.0,54.0,13.4,14.7,2.3,72.6,70.1,TRUE,76921,6828178,7.07524695170891,61.355990003782
holmen,348.286363636364,623.69696969697,5.70017588981996,0.482452274145356,8.45159749670619,-6.72078240429819,071.AA4,51411 E 6776266 N,Vestland,107.0,412.0,754.0,859.0,938.0,1010.0,1081.0,1151.0,1223.0,1295.0,1382.0,1603.0,28.7,20.1,10.2,1.7,76.7,54.7,TRUE,51411,6776266,6.72547383468128,60.8663339607631
holsen,427.199696969697,716.214545454546,6.64106197627147,0.529351983079299,8.90994071146245,-6.16656145063801,084.CC3,29850 E 6842413 N,Vestland,14.1,589.0,687.0,791.0,833.0,878.0,932.0,996.0,1066.0,1132.0,1207.0,1425.0,50.1,6.0,0.0,3.0,88.7,102.7,TRUE,29850,6842413,6.16937431024666,61.4283676890902
hommsaane_inntak_1,266.197272727273,353.302424242424,2.97113083879532,0.372202680171707,9.86863636363636,-5.81465077233042,021.F52AB,75319 E 6591551 N,Agder,5.6,665.0,715.0,777.0,817.0,866.0,911.0,949.0,988.0,1022.0,1056.0,1145.0,84.1,5.1,62.1,3.8,28.6,26.8,TRUE,75319,6591551,7.54425817263428,59.2487730272271
hommsaane_inntak_2,285.988181818182,370.843939393939,3.19263502862358,0.377681450306807,8.96746706192358,-6.59095366017461,021.F52C,75570 E 6591271 N,Agder,6.7,683.0,931.0,948.0,962.0,991.0,1024.0,1080.0,1124.0,1157.0,1184.0,1251.0,78.1,5.1,23.6,15.2,58.4,34.9,TRUE,75570,6591271,7.54916869192682,59.2465310754589
hugla,334.159090909091,577.717272727273,5.49690118642662,0.453887340047212,8.33658102766798,-6.88470114170584,070.BA3,48331 E 6795758 N,Vestland,14.9,514.0,730.0,837.0,932.0,1028.0,1137.0,1225.0,1263.0,1312.0,1370.0,1558.0,86.4,8.7,12.7,2.2,71.8,61.8,TRUE,48331,6795758,6.62366509533327,61.0359875157765
imsland,608.831818181818,1054.44848484849,8.98795071766365,0.522466185307131,12.2879249011858,-2.02453660174614,038.2A3,9720 W  6628793 N,Rogaland,37.8,115.0,168.0,270.0,336.0,380.0,451.0,529.0,588.0,661.0,768.0,985.0,45.0,15.3,39.8,5.6,37.9,83.4,FALSE,-9720,6628793,5.98277044721405,59.4856332422257
joka,281.639090909091,491.63696969697,4.56881274371526,0.418935546086974,8.271534914361,-7.10963734049698,071.2B3,63792 E 6795558 N,Vestland,46.5,170.0,494.0,787.0,936.0,1090.0,1205.0,1299.0,1375.0,1430.0,1487.0,1647.0,131.8,11.0,14.1,0.8,68.8,56.3,TRUE,63792,6795558,6.90743164687736,61.0516057524227
jorda,608.831818181818,1054.44848484849,8.98795071766365,0.522466185307131,12.2879249011858,-2.02453660174614,002.DG1AB,221255 E 6852062 N,Innlandet,35.1,777.0,838.0,881.0,914.0,959.0,1013.0,1071.0,1135.0,1205.0,1271.0,1427.0,47.6,9.8,32.9,0.3,55.7,13.5,TRUE,221255,6852062,9.72578350691608,61.6999432465723
jordal,410.032121212121,472.024545454546,4.82205509001908,0.426979470807586,10.2662417654809,-5.36246809939557,109.3D,158776 E 6974197 N,Møre og Romsdal,25.9,301.0,517.0,578.0,625.0,668.0,704.0,760.0,818.0,909.0,1066.0,1610.0,53.1,8.1,10.5,2.3,42.2,58.8,TRUE,158776,6974197,8.31423559102045,62.738653014379
jordalen_2,349.76,625.020606060606,5.73112503111259,0.482119724640827,8.36059947299078,-6.82440228341169,071.AA4,51359 E 6777883 N,Vestland,99.7,510.0,775.0,871.0,951.0,1021.0,1093.0,1163.0,1234.0,1305.0,1387.0,1603.0,27.5,18.2,8.2,1.8,78.2,55.1,TRUE,51359,6777883,6.72078142589978,60.8806415297589
kaldaaga,299.590606060606,414.858181818182,4.06857462872314,0.443753104155278,9.45591567852437,-8.38145399597045,173.32A,577514 E 7581214 N,Nordland,6.1,303.0,397.0,473.0,525.0,568.0,619.0,668.0,723.0,805.0,930.0,1228.0,93.2,3.9,10.2,0.1,75.3,49.3,TRUE,577514,7581214,16.8815327368646,68.33335391894
kaldsaani,249.804242424242,357.78303030303,3.43067369119721,0.408723344043261,7.74039196310936,-7.30459368703828,021.J81A,65971 E 6624221 N,Agder,12.0,972.0,1044.0,1091.0,1170.0,1219.0,1232.0,1248.0,1258.0,1274.0,1297.0,1343.0,47.0,7.1,3.3,7.8,89.0,53.8,TRUE,65971,6624221,7.31591116904457,59.5300777154192
kanndalen,432.817878787879,504.51303030303,5.20508421139965,0.427394987208323,9.57761528326746,-6.25066487575554,104.3C,151952 E 6968709 N,Møre og Romsdal,24.6,418.0,580.0,678.0,758.0,814.0,876.0,929.0,1011.0,1123.0,1257.0,1705.0,72.8,7.7,9.4,3.1,73.2,68.6,TRUE,151952,6968709,8.19295574215864,62.6833412262007
kinnforsen,260.828787878788,478.614848484849,4.67863187588152,0.479870753487167,10.6416699604743,-6.39571860308932,155.3BA3,438490 E 7334381 N,Nordland,17.5,323.0,380.0,445.0,496.0,499.0,511.0,529.0,556.0,598.0,665.0,741.0,20.1,11.5,21.9,9.5,52.6,68.8,TRUE,438490,7334381,13.6380604516742,66.1238287833427
kistafossen,473.353939393939,731.663939393939,6.57073176802456,0.537566842336757,11.1892951251647,-4.53757219610477,159.52B,429813 E 7390810 N,Nordland,22.6,77.0,187.0,241.0,305.0,360.0,417.0,461.0,516.0,584.0,637.0,879.0,31.5,7.2,20.6,3.3,57.0,74.3,TRUE,429813,7390810,13.4143459936305,66.6280613524255
knutfoss,301.171212121212,408.976666666667,4.13703144445366,0.475297118093716,12.2295619235837,-5.04567830758899,139.C1A4,377562 E 7156978 N,Trøndelag,113.0,94.0,162.0,199.0,233.0,261.0,293.0,330.0,366.0,414.0,477.0,760.0,11.4,30.9,72.3,4.0,5.0,51.9,TRUE,377562,7156978,12.4491110684782,64.5160139457881
kraakenes,456.227575757576,810.014848484849,7.40775325645068,0.531921911102676,11.6034255599473,-2.37746809939557,084.612B,6698 E 6851830 N,Vestland,6.4,304.0,357.0,386.0,418.0,461.0,499.0,525.0,554.0,609.0,665.0,847.0,42.3,5.9,51.6,1.0,25.5,87.9,TRUE,6698,6851830,5.71606577685256,61.4831106301097
kvaale,274.232424242424,441.820909090909,4.10731850991454,0.414864712815203,9.24740118577075,-6.64335460040296,075.5A2,98798 E 6836851 N,Vestland,73.3,130.0,413.0,664.0,792.0,907.0,1015.0,1101.0,1174.0,1244.0,1328.0,1564.0,88.7,11.9,29.9,1.7,59.7,45.0,TRUE,98798,6836851,7.46206335957668,61.4563416727066
kvamselva,487.886363636364,878.595757575758,8.03,0.53192395686176,10.7392654808959,-3.50503022162525,083.2AB,2233 E 6842041 N,Vestland,6.8,266.0,341.0,417.0,502.0,565.0,640.0,711.0,765.0,817.0,916.0,1205.0,144.0,4.5,14.7,2.3,55.7,112.2,TRUE,2233,6842041,5.65954453339943,61.3906934246426
kvassteinaaga,254.230909090909,468.523333333333,4.54592466605824,0.477628601530455,10.8917852437418,-6.09321692411014,155.3A,437026 E 7335042 N,Nordland,29.6,162.0,334.0,381.0,438.0,493.0,503.0,520.0,549.0,589.0,658.0,741.0,60.3,8.3,29.6,7.7,47.7,72.0,TRUE,437026,7335042,13.6053308126613,66.1294683014276
kveasaa,270.964848484848,352.200303030303,3.06156392599353,0.372366795511605,9.79228919631094,-5.86757891202149,021.F3A,74990 E 6579788 N,Agder,18.2,647.0,736.0,787.0,834.0,875.0,899.0,940.0,998.0,1033.0,1107.0,1260.0,42.5,9.9,57.2,7.2,28.9,46.9,TRUE,74990,6579788,7.56147157247772,59.1436994515949
kvemma,165.577272727273,167.620606060606,1.66638098398739,0.29556308950537,6.48764822134387,-9.29444257891202,073.B5B,108843 E 6787761 N,Vestland,18.2,905.0,1174.0,1243.0,1310.0,1356.0,1397.0,1436.0,1485.0,1543.0,1600.0,1685.0,58.0,8.9,2.0,1.9,95.9,31.3,TRUE,108843,6787761,7.75084481209575,61.0294701216695
kvernaai,223.482121212121,130.173636363636,1.71814900854559,0.292416712033269,8.35793148880105,-8.15307253190061,002.DK2B,186869 E 6896188 N,Innlandet,20.4,891.0,1058.0,1091.0,1123.0,1140.0,1163.0,1197.0,1234.0,1287.0,1351.0,1577.0,45.4,6.8,4.0,0.5,92.3,19.9,TRUE,186869,6896188,9.00222854397116,62.0674025018476
kvernhus,587.255151515152,1026.32181818182,9.098709035095,0.56156314178588,10.7413768115942,-3.44395903290799,069.3A2A,12797 W  6798005 N,Vestland,4.4,390.0,413.0,454.0,500.0,542.0,576.0,607.0,631.0,682.0,741.0,812.0,65.0,3.2,26.2,4.2,57.0,135.6,FALSE,-12797,6798005,5.50122881784034,60.9813361752236
kvitaai,301.569393939394,299.315757575758,2.58017174147515,0.322884656693212,9.08333003952569,-7.61132303559436,016.H2B,149162 E 6654936 N,Vestfold og Telemark,14.5,922.0,933.0,954.0,986.0,1021.0,1050.0,1079.0,1122.0,1172.0,1226.0,1383.0,17.8,7.1,33.5,7.1,41.9,34.3,TRUE,149162,6654936,8.72608979516788,59.8822317648403
langaasfoss,311.077272727273,313.341212121212,3.0864573135319,0.433784574749196,12.5939855072464,-3.41340496977838,126.6AB,319683 E 7069977 N,Trøndelag,28.8,131.0,165.0,185.0,207.0,257.0,315.0,356.0,383.0,405.0,432.0,569.0,34.6,9.3,68.5,5.6,0.7,26.1,TRUE,319683,7069977,11.3495761309714,63.7111234909731
langdalselva,200.819090909091,233.636666666667,2.37680328548909,0.343284966284754,8.95165019762846,-10.2095668233714,210.3B,771389 E 7782972 N,Troms og Finnmark,31.7,237.0,465.0,542.0,572.0,584.0,600.0,614.0,627.0,643.0,663.0,745.0,23.2,17.1,2.2,6.3,90.6,36.4,TRUE,771389,7782972,22.1275704785105,70.0108517072146
lauvsnes,308.764545454545,495.936363636364,4.53666804944827,0.49040823122533,12.4772562582345,-2.3875083948959,137.7B0,304029 E 7158818 N,Trøndelag,103.0,18.0,73.0,116.0,148.0,187.0,219.0,252.0,298.0,357.0,439.0,610.0,9.3,27.1,47.9,12.0,28.7,38.1,TRUE,304029,7158818,10.9184724273538,64.4980423688764
leirelva,471.124242424243,737.604848484849,7.71696755994358,0.51116495751072,9.11398880105402,-8.61548018804567,155.AC7,459109 E 7324118 N,Nordland,16.1,389.0,497.0,572.0,633.0,678.0,702.0,737.0,818.0,978.0,1110.0,1275.0,-999m/km,-999km,16.1,0.4,71.7,61.1,TRUE,459109,7324118,14.0977850435289,66.0351125508442
lekum,246.510909090909,281.370606060606,2.44456483862939,0.332187177863978,14.9060243741765,-2.9538885157824,002.B1A0,287831 E 6604238 N,Viken,236.0,57.0,124.0,139.0,149.0,160.0,168.0,178.0,192.0,208.0,229.0,329.0,2.4,54.1,62.0,1.9,0.0,17.0,TRUE,287831,6604238,11.2487574038948,59.5226244446644
liaelva,279.706060606061,201.008484848485,2.05483116236622,0.329284473029508,10.2038405797101,-7.70891537944929,012.J6B,198060 E 6760872 N,Innlandet,17.4,704.0,819.0,865.0,890.0,911.0,931.0,939.0,952.0,968.0,999.0,1089.0,20.3,9.3,76.3,4.8,3.0,17.8,TRUE,198060,6760872,9.43589376739342,60.8676951063393
ljoesaaa,310.094848484849,362.03303030303,3.69933792416826,0.382728337968493,8.17485836627141,-8.07434184016118,109.4BA,161748 E 6965037 N,Møre og Romsdal,5.7,446.0,859.0,951.0,1015.0,1075.0,1141.0,1201.0,1270.0,1351.0,1431.0,1550.0,191.6,3.3,3.1,2.3,93.7,75.2,TRUE,161748,6965037,8.39033620988787,62.6597329055427
loekkeboe,572.258181818182,1023.30666666667,9.31571227080395,0.566126093770777,11.106976284585,-2.77562793821357,085.E2B,874 E 6868150 N,Vestland,6.6,220.0,372.0,463.0,548.0,606.0,653.0,690.0,724.0,755.0,792.0,974.0,128.8,5.0,22.6,0.8,69.7,114.8,TRUE,874,6868150,5.56402665419787,61.6201905169756
lotsberg,245.972121212121,509.140606060606,4.42515473326143,0.474218321136442,10.6839130434783,-3.88283075889859,089.2A,33235 E 6891430 N,Vestland,4.8,374.0,501.0,564.0,612.0,659.0,714.0,771.0,814.0,861.0,910.0,1043.0,117.2,3.7,12.8,0.6,42.8,78.5,TRUE,33235,6891430,6.1070727411975,61.8672608208131
maaren,358.838484848485,665.013939393939,5.96962913797395,0.488502492984751,10.3814822134387,-4.33733713901948,079.5A,20868 E 6813121 N,Vestland,20.7,298.0,477.0,543.0,600.0,655.0,705.0,767.0,865.0,953.0,1046.0,1259.0,64.5,10.9,35.9,2.1,56.3,86.0,TRUE,20868,6813121,6.07774637314859,61.157635729684
maelafoss,292.655151515152,307.573939393939,3.10875632622584,0.437606280025777,12.9033432147563,-2.68387844190732,124.2A,296854 E 7046775 N,Trøndelag,50.4,53.0,144.0,180.0,200.0,216.0,233.0,257.0,285.0,315.0,360.0,535.0,8.0,25.0,73.2,8.0,2.4,27.0,TRUE,296854,7046775,10.918682147046,63.4909969083064
malmeelva,398.106060606061,648.785454545455,5.90385630133577,0.497136505547985,12.0069071146245,-1.79543317662861,107.2A,104210 E 6986490 N,Møre og Romsdal,29.5,104.0,180.0,236.0,261.0,292.0,349.0,407.0,474.0,553.0,657.0,975.0,20.2,13.5,45.6,2.5,19.5,64.7,TRUE,104210,6986490,7.22706922019126,62.7933130862408
mela,311.103333333333,341.451515151515,3.58839542022733,0.454211479208837,11.5939624505929,-5.40620886501007,128.E3C,383354 E 7125922 N,Trøndelag,29.0,359.0,376.0,391.0,408.0,422.0,434.0,444.0,457.0,470.0,489.0,572.0,6.8,9.9,56.4,17.6,7.5,30.6,TRUE,383354,7125922,12.5941345787731,64.2396183377705
middoela,267.207272727273,258.106666666667,2.2241466854725,0.30744099405707,9.75235177865613,-7.03032572196105,016.H1A,148599 E 6661153 N,Vestfold og Telemark,29.2,538.0,845.0,919.0,954.0,977.0,1006.0,1032.0,1064.0,1105.0,1138.0,1238.0,51.0,11.7,43.9,2.6,26.4,31.3,TRUE,148599,6661153,8.70555644936954,59.9372422373314
mjeldeelva,313.79303030303,561.990606060606,5.11750186675516,0.46865317450666,9.88881752305665,-7.36991269308261,197.42A,633254 E 7719221 N,Troms og Finnmark,10.2,161.0,249.0,319.0,365.0,419.0,462.0,507.0,549.0,599.0,643.0,852.0,39.7,4.8,5.3,0.5,86.0,66.5,TRUE,633254,7719221,18.4186255145629,69.5482354139129
moellefossen,521.092121212121,845.412424242424,7.45802123952543,0.534254531072239,12.6571673254282,-0.949801880456682,060.5A4,17818 W  6754571 N,Vestland,64.9,6.0,153.0,159.0,176.0,223.0,290.0,354.0,409.0,488.0,589.0,818.0,28.4,17.3,57.3,14.4,20.3,84.6,FALSE,-17818,6754571,5.52503033157814,60.590227540982
moellen,636.964545454546,1052.68939393939,9.53911059487265,0.548372314515002,10.9926152832675,-3.26178979180658,061.4A40,6780 W  6740735 N,Vestland,34.8,95.0,356.0,489.0,596.0,668.0,720.0,744.0,763.0,793.0,850.0,972.0,71.8,9.4,22.9,4.8,66.7,110.8,FALSE,-6780,6740735,5.75920444443345,60.4816847386701
morkenfoss,317.983939393939,515.318484848485,4.73927320998921,0.493315027577969,12.1907641633729,-3.10783075889859,137.7E,306214 E 7149427 N,Trøndelag,53.1,111.0,137.0,181.0,219.0,253.0,289.0,336.0,380.0,435.0,484.0,610.0,18.6,10.9,37.8,6.6,41.5,44.9,TRUE,306214,7149427,10.9762196939881,64.4152336437403
muoidejohka,195.107272727273,368.834242424242,3.25741060316934,0.405149402922481,7.25482872200264,-11.5022196104768,161.F21A,485009 E 7409290 N,Nordland,13.7,618.0,898.0,918.0,938.0,963.0,992.0,1014.0,1045.0,1079.0,1131.0,1360.0,62.2,6.0,0.0,4.0,95.1,65.5,TRUE,485009,7409290,14.6589663995865,66.8014716024319
nedre_russvik,344.836060606061,508.458484848485,4.70966232473243,0.44699085886649,9.95038537549407,-7.48637004701142,171.82A,563190 E 7558410 N,Nordland,15.2,102.0,169.0,299.0,428.0,536.0,590.0,676.0,764.0,855.0,941.0,1327.0,100.2,5.8,28.0,5.3,60.1,50.0,TRUE,563190,7558410,16.5203722335542,68.1324541601978
neselva,353.956666666667,583.870909090909,5.25385132332199,0.498208710614876,8.76245059288538,-6.41447280053727,087.B12B,43953 E 6870555 N,Vestland,25.9,185.0,586.0,753.0,903.0,959.0,1022.0,1095.0,1170.0,1229.0,1310.0,1569.0,92.0,7.9,14.8,2.7,70.4,90.4,TRUE,43953,6870555,6.3610128187797,61.6949782776278
nybuelvi,255.156060606061,182.90696969697,1.83996681324152,0.288101524204171,9.65631752305665,-8.1840362659503,012.CC7A1B,183867 E 6727238 N,Viken,14.2,851.0,906.0,932.0,944.0,961.0,974.0,990.0,1005.0,1019.0,1038.0,1108.0,23.3,6.9,72.8,7.2,4.4,22.2,TRUE,183867,6727238,9.23017701887525,60.5562207644293
nyvikelva,280.376060606061,364.574545454545,3.57323570895213,0.434863144399905,9.77149209486166,-7.92992276695769,307.3BC5B,435679 E 7189265 N,Trøndelag,40.7,531.0,605.0,648.0,665.0,684.0,700.0,720.0,752.0,805.0,893.0,1148.0,30.5,9.6,22.9,8.5,48.6,44.3,TRUE,435679,7189265,13.6449619603007,64.8216370955485
oevre_russvik,367.486060606061,534.235757575758,5.0519190243093,0.450227249738313,8.35862977602108,-9.93544325050369,171.82C1,566594 E 7558662 N,Nordland,4.4,531.0,536.0,584.0,650.0,741.0,802.0,869.0,907.0,945.0,1004.0,1162.0,23.1,2.0,0.0,10.5,79.3,62.6,TRUE,566594,7558662,16.602392206327,68.1339415006608
oevre_russvik_overfoering,362.358181818182,530.24696969697,4.96786111341575,0.450228840884268,8.54549407114625,-9.70339489590329,171.82C2A,566720 E 7558806 N,Nordland,1.3,565.0,669.0,742.0,796.0,840.0,875.0,910.0,947.0,985.0,1053.0,1327.0,193.7,0.4,0.0,0.0,85.8,70.6,TRUE,566720,7558806,16.6055126446356,68.1352031992126
oeyrabekken,437.214545454545,711.789090909091,6.28388285074255,0.504532606558476,10.643382740448,-3.71174949630625,046.51A,10735 E 6698817 N,Vestland,5.7,310.0,542.0,570.0,597.0,630.0,672.0,786.0,864.0,929.0,983.0,1105.0,95.6,6.3,7.9,4.0,86.4,96.4,TRUE,10735,6698817,6.17567817890418,60.1314250895719
oftedal_1,389.060303030303,665.05696969697,5.7801991205509,0.453729589291133,11.9706192358366,-2.99404969778375,026.D1A2B,20550 E 6519600 N,Agder,14.3,449.0,454.0,484.0,512.0,534.0,539.0,552.0,568.0,585.0,605.0,665.0,16.9,7.0,14.1,15.0,54.4,66.8,TRUE,20550,6519600,6.74872899712033,58.5511049886138
oftedal_2,402.711515151515,689.206666666667,5.98287895129843,0.458377553931324,12.5880204216074,-2.18018804566823,026.D1A42,19609 E 6518696 N,Agder,58.0,180.0,313.0,355.0,394.0,426.0,445.0,466.0,488.0,515.0,548.0,647.0,13.2,20.1,48.0,9.7,28.5,61.3,TRUE,19609,6518696,6.73463300458282,58.5420345795919
ortnevik,319.57,598.16,5.58746287231395,0.470906009871924,9.57557641633729,-5.33322364002686,070.2A4,22522 E 6806646 N,Vestland,56.6,61.0,349.0,606.0,757.0,847.0,942.0,1004.0,1063.0,1119.0,1194.0,1288.0,96.4,12.6,25.0,6.6,64.5,89.3,TRUE,22522,6806646,6.12436743055338,61.102216471175
osvatn,590.687878787879,979.022121212121,8.7275250974861,0.54022928413207,11.4786198945982,-2.49706850235057,060.6C,12449 W  6756376 N,Vestland,6.5,278.0,298.0,411.0,470.0,514.0,560.0,600.0,643.0,683.0,721.0,865.0,76.4,3.3,7.5,13.4,69.7,107.5,FALSE,-12449,6756376,5.61704352878735,60.6130949057418
raassaafoss,433.051212121212,471.587878787879,4.94026134572306,0.446659218588222,9.75717391304348,-5.970520483546,111.711C,181702 E 6981939 N,Møre og Romsdal,14.3,415.0,617.0,671.0,727.0,783.0,832.0,873.0,906.0,961.0,1051.0,1307.0,64.2,7.9,12.0,3.3,80.4,78.4,TRUE,181702,6981939,8.74545828086102,62.8283200327879
raassaafoss_sideinntak_1,407.989696969697,452.182424242424,4.65489255786941,0.441182266905642,9.96583992094862,-5.653559435863,111.711AB,180811 E 6982205 N,Møre og Romsdal,1.4,424.0,643.0,682.0,713.0,743.0,783.0,816.0,851.0,900.0,988.0,1100.0,-999m/km,-999km,15.5,0.0,84.5,69.2,TRUE,180811,6982205,8.72756766753767,62.8299170425981
raassaafoss_sideinntak_2,428.352424242424,472.826060606061,4.89642993445615,0.446079814154153,9.32151515151515,-6.56731363331095,111.711BA,181579 E 6982100 N,Møre og Romsdal,2.4,431.0,761.0,837.0,864.0,872.0,899.0,960.0,1036.0,1092.0,1164.0,1318.0,130.3,2.7,8.9,7.6,83.6,80.8,TRUE,181579,6982100,8.74275211667715,62.8296494561154
rasdalen,468.311212121212,812.400303030303,7.57840869493072,0.528026785805614,10.7039723320158,-3.80728005372733,062.A1A,6628 E 6755352 N,Vestland,14.0,303.0,419.0,484.0,542.0,605.0,672.0,737.0,804.0,865.0,919.0,1025.0,98.2,7.6,47.9,1.8,47.2,87.6,TRUE,6628,6755352,5.96372464532395,60.6279071810994
reinaaga,289.156666666667,480.653636363636,4.80183273873724,0.475382358055574,8.87111989459816,-8.75627938213566,155.B21C,449753 E 7325060 N,Nordland,4.3,700.0,709.0,725.0,745.0,763.0,783.0,804.0,834.0,859.0,890.0,969.0,36.5,3.5,0.0,6.4,93.2,82.5,TRUE,449753,7325060,13.8910305052596,66.0422163046332
reingardsaaga,266.654848484848,489.915454545455,4.57683481290965,0.450310671247652,10.8490085638999,-6.1619274680994,156.CAA2A1,466144 E 7369429 N,Nordland,19.1,244.0,361.0,368.0,388.0,416.0,456.0,509.0,575.0,649.0,730.0,987.0,2.0,10.4,48.4,13.7,31.1,44.5,TRUE,466144,7369429,14.2408639304745,66.4424069647811
reinli,295.413636363636,214.532424242424,2.18219530407367,0.339580096582559,10.2306291172596,-7.76474143720618,012.J2A,199478 E 6756161 N,Innlandet,58.3,575.0,749.0,811.0,867.0,914.0,948.0,976.0,1001.0,1027.0,1056.0,1156.0,27.4,16.2,62.2,3.0,11.9,18.3,TRUE,199478,6756161,9.46918229190312,60.826672194675
ritaelva,248.322424242424,340.650909090909,3.58015017008214,0.410874118760861,7.24595191040843,-12.1978844862324,203.41A4,679007 E 7717665 N,Troms og Finnmark,14.5,338.0,678.0,739.0,773.0,820.0,868.0,916.0,988.0,1079.0,1200.0,1391.0,88.7,4.1,0.1,3.5,77.6,73.6,TRUE,679007,7717665,19.5853239433061,69.5074872929387
roefsdalselva,465.582121212121,890.000606060606,8.07724881772173,0.535984106724978,10.9749934123847,-3.06365010073875,093.2C0,17758 E 6915536 N,Møre og Romsdal,15.0,221.0,332.0,435.0,521.0,593.0,656.0,700.0,724.0,782.0,857.0,1130.0,49.6,5.7,22.2,7.2,66.7,90.5,TRUE,17758,6915536,5.75164813188719,62.0616123773021
roeneid,233.877575757576,413.065757575758,3.7794333360989,0.415611414881079,9.84447299077734,-5.87459032907992,076.A2D,85984 E 6832383 N,Vestland,10.0,516.0,645.0,714.0,762.0,819.0,878.0,943.0,1020.0,1103.0,1190.0,1353.0,136.4,5.0,35.3,0.0,42.6,50.7,TRUE,85984,6832383,7.23382478518316,61.4031356046834
roeneid_sideinntak,213.62303030303,373.174545454545,3.36553057330125,0.401827999395365,10.6641403162055,-5.15922095366017,076.A2BA,86223 E 6832399 N,Vestland,0.4,514.0,578.0,609.0,643.0,666.0,693.0,712.0,725.0,737.0,748.0,779.0,211.2,0.4,94.5,0.0,0.0,40.1,TRUE,86223,6832399,7.23822396538616,61.4035324207254
roevassaaga,372.497272727273,694.627272727273,6.50240438065212,0.484189350914738,8.59071475625824,-9.43840496977838,156.CAC,471477 E 7371724 N,Nordland,50.7,187.0,435.0,585.0,701.0,784.0,853.0,916.0,969.0,1023.0,1091.0,1289.0,58.9,14.7,5.4,2.1,81.0,59.7,TRUE,471477,7371724,14.3599060988874,66.463529577346
roeyrvik,385.870303030303,749.426666666667,6.70699576868829,0.527850168604645,11.550615942029,-2.56705171255876,085.J2,16615 E 6872910 N,Vestland,15.8,224.0,338.0,395.0,461.0,522.0,553.0,575.0,618.0,666.0,712.0,876.0,60.5,6.8,37.5,12.9,41.3,87.0,TRUE,16615,6872910,5.84449055813112,61.6824482048649
roeyrvik_sideinntak,429.487272727273,819.803636363636,7.36600929229238,0.536902425247395,11.6825263504611,-2.3751645399597,085.HB,16717 E 6872664 N,Vestland,4.1,265.0,338.0,353.0,383.0,423.0,459.0,488.0,533.0,624.0,692.0,793.0,112.7,4.0,53.0,7.4,29.2,85.2,TRUE,16717,6872664,5.84704431902492,61.6803962392288
rysna,321.143636363636,257.532727272727,2.65893470505268,0.340235648715888,7.38916337285903,-9.04255540631296,012.NB,162275 E 6797895 N,Innlandet,50.4,619.0,872.0,1034.0,1131.0,1252.0,1371.0,1441.0,1518.0,1577.0,1618.0,1774.0,62.3,16.0,7.5,5.8,77.0,25.1,TRUE,162275,6797895,8.71556523768557,61.1693031460889
ryssdal,499.410606060606,563.068787878788,5.92180204098565,0.446158462225627,8.29606060606061,-7.79941235728677,109.3CA,157587 E 6973742 N,Møre og Romsdal,2.8,515.0,622.0,688.0,819.0,875.0,927.0,1013.0,1093.0,1167.0,1234.0,1380.0,140.5,3.1,6.5,4.0,73.0,75.1,TRUE,157587,6973742,8.29205334044553,62.7334907054541
ryssdal_sideinntak_1,500.910909090909,559.67303030303,5.89144445366299,0.451222397879684,9.49417654808959,-6.26701477501679,109.3BC,157454 E 6974591 N,Møre og Romsdal,7.0,508.0,618.0,657.0,696.0,749.0,816.0,877.0,940.0,1014.0,1100.0,1352.0,92.0,4.3,0.0,0.9,67.8,68.4,TRUE,157454,6974591,8.28774336940771,62.7409348037994
ryssdal_sideinntak_2,463.034848484849,518.30303030303,5.39320003318676,0.445244462527945,11.1767028985507,-4.15154466084621,109.3BAA,157445 E 6974493 N,Møre og Romsdal,0.3,523.0,548.0,561.0,572.0,581.0,590.0,597.0,607.0,620.0,641.0,665.0,96.0,0.7,0.0,0.0,0.0,48.5,TRUE,157445,6974493,8.28776771563804,62.7400528308274
sagaana,491.740606060606,769.386666666667,6.84534057910894,0.486348990588372,11.3185177865613,-3.29144056413701,032.4E1C,2269 W  6584425 N,Rogaland,3.8,502.0,571.0,578.0,593.0,615.0,644.0,651.0,668.0,685.0,708.0,755.0,31.5,4.6,0.0,10.2,84.9,88.5,FALSE,-2269,6584425,6.21561718400311,59.1008990473535
sagaana_sideinntak,459.986060606061,722.613333333333,6.40476395918029,0.479708456599789,11.2697891963109,-3.35268300873069,032.4E1AB,1588 W  6584561 N,Rogaland,1.4,534.0,634.0,644.0,651.0,658.0,664.0,671.0,677.0,683.0,692.0,715.0,41.7,2.0,1.5,7.0,87.0,90.5,FALSE,-1588,6584561,6.22705538143679,59.1029069923617
sagbergfossen,248.203939393939,234.590303030303,2.47184767277856,0.387626112523569,12.6514756258235,-3.04820013431833,122.2B11,257442 E 7021882 N,Trøndelag,121.0,146.0,159.0,187.0,220.0,248.0,273.0,300.0,329.0,359.0,394.0,533.0,6.4,24.4,72.5,14.0,0.0,16.0,TRUE,257442,7021882,10.1676306877525,63.2436891078315
sagelvi,271.560606060606,496.842121212121,4.74803783290467,0.438522552789108,10.5353392621871,-4.34451309603761,079.31A,39920 E 6806972 N,Vestland,6.0,438.0,570.0,628.0,696.0,752.0,795.0,821.0,844.0,867.0,898.0,969.0,113.2,4.7,30.1,1.3,59.5,51.7,TRUE,39920,6806972,6.44266676113649,61.1258351306289
saksenvik,273.045151515152,357.294242424242,3.53912967725877,0.411450795516151,9.17274044795784,-9.39685359301545,163.5A,520256 E 7444257 N,Nordland,66.4,47.0,452.0,553.0,637.0,705.0,763.0,819.0,856.0,889.0,934.0,1134.0,36.5,20.9,14.3,4.3,77.5,44.5,TRUE,520256,7444257,15.4667673372235,67.1148287440675
salvasskard,198.418484848485,171.810606060606,1.79848751348212,0.324615141572211,6.60538866930171,-13.2569711215581,196.AC7C0,657682 E 7617632 N,Troms og Finnmark,66.5,641.0,823.0,869.0,906.0,954.0,1002.0,1047.0,1084.0,1131.0,1198.0,1512.0,27.0,9.7,0.0,2.2,96.7,50.4,TRUE,657682,7617632,18.8790101471625,68.6259881390379
sandneselva,644.265151515152,1043.33424242424,9.16256533643076,0.562480096468906,12.2897101449275,-1.08753190060443,067.12A,25701 W  6778151 N,Vestland,6.1,218.0,258.0,293.0,317.0,348.0,368.0,383.0,405.0,429.0,450.0,507.0,71.3,4.8,40.6,4.6,48.9,108.0,FALSE,-25701,6778151,5.32005861538754,60.7887163531019
scheldefoss,313.641212121212,506.246666666667,4.64616527005725,0.492235548701,12.3954841897233,-2.61432505036938,137.7C4,305211 E 7155067 N,Trøndelag,80.4,39.0,91.0,125.0,161.0,201.0,234.0,275.0,326.0,382.0,460.0,610.0,10.4,22.6,46.6,9.3,31.4,40.2,TRUE,305211,7155067,10.9479946081671,64.4651466455457
senneset,452.130606060606,827.263333333333,7.42358499958517,0.518560149294952,10.0277305665349,-4.63775352585628,080.21D1,11212 E 6830171 N,Vestland,5.4,349.0,561.0,627.0,685.0,727.0,762.0,798.0,839.0,873.0,902.0,967.0,76.2,5.9,7.4,2.7,79.9,78.0,TRUE,11212,6830171,5.85646461778433,61.2968752550379
senneset_sideinntak,408.952121212121,761.609090909091,6.74002903841367,0.514323609537329,11.0396277997365,-3.3297481531229,080.21CB,11192 E 6830557 N,Vestland,2.8,357.0,410.0,441.0,472.0,507.0,551.0,602.0,650.0,674.0,708.0,908.0,175.4,2.3,46.0,0.6,39.6,62.3,TRUE,11192,6830557,5.85509179773787,61.3002714898306
sigdestad,394.736666666667,821.08303030303,7.25006305484112,0.539806039308124,11.4117621870883,-2.31631296171928,086.5A11,8809 E 6891278 N,Vestland,48.7,155.0,282.0,325.0,362.0,390.0,451.0,506.0,597.0,696.0,861.0,1086.0,13.7,16.3,45.4,9.7,35.5,87.2,TRUE,8809,6891278,5.64926047655808,61.8352633292084
skarelva,281.408787878788,385.078484848485,3.59302165435991,0.376167361277645,7.51957180500659,-11.2016051040967,173.6AB,593883 E 7564902 N,Nordland,7.5,458.0,656.0,746.0,866.0,976.0,1020.0,1059.0,1105.0,1168.0,1214.0,1335.0,181.2,3.5,1.4,1.5,74.3,56.3,TRUE,593883,7564902,17.2639852507914,68.1822137007193
skarelva_sideinntak,270.577272727273,377.148181818182,3.45824193146934,0.373926573160323,7.54992753623188,-11.1514674278039,173.6AAB,594135 E 7564455 N,Nordland,4.6,450.0,594.0,673.0,718.0,771.0,831.0,912.0,1011.0,1120.0,1215.0,1326.0,126.3,1.4,0.7,0.0,94.3,52.3,TRUE,594135,7564455,17.2696600777102,68.1781246438088
skinvik,413.86303030303,809.81393939394,7.77898116651456,0.524941781106051,9.51896903820817,-5.35950638012089,094.44A,45579 E 6911224 N,Møre og Romsdal,7.0,100.0,407.0,547.0,658.0,731.0,785.0,863.0,944.0,1055.0,1255.0,1460.0,200.9,3.2,9.5,0.8,81.6,86.0,TRUE,45579,6911224,6.28870584517792,62.0578171400067
skjenaldfossen,295.23303030303,389.253636363636,3.89752260847922,0.465916176158042,12.1320553359684,-3.19491605104097,121.1A3,235778 E 7028988 N,Trøndelag,142.0,140.0,176.0,230.0,279.0,309.0,340.0,373.0,412.0,468.0,562.0,827.0,10.8,22.1,42.4,8.9,16.2,34.5,TRUE,235778,7028988,9.72651318177051,63.2919227515173
skogbuaani,308.644545454545,369.683333333333,3.18020990624741,0.344551291158116,12.0750362318841,-4.70913700470114,019.E5B,135249 E 6562296 N,Vestfold og Telemark,21.7,525.0,583.0,608.0,635.0,651.0,661.0,676.0,693.0,711.0,730.0,799.0,15.4,9.6,42.8,12.3,38.9,39.4,TRUE,135249,6562296,8.63703926769412,59.0435372119345
skorgeelva,383.141818181818,519.395454545455,5.21252717165851,0.427813685900969,10.884953886693,-4.33650100738751,103.5A,122673 E 6961473 N,Møre og Romsdal,41.4,216.0,377.0,458.0,545.0,620.0,685.0,727.0,789.0,866.0,961.0,1201.0,43.1,11.2,30.2,2.8,59.0,50.2,TRUE,122673,6961473,7.64181137007642,62.5901098140838
skravlaaga,360.987878787879,696.23696969697,6.49419314693437,0.513900364713384,10.0615974967062,-7.06233378106112,155.21A3,430502 E 7333767 N,Nordland,15.4,270.0,410.0,470.0,528.0,571.0,611.0,650.0,705.0,768.0,846.0,973.0,80.3,5.9,13.0,1.7,83.5,110.0,TRUE,430502,7333767,13.4615993753218,66.1166636788255
skulboerstadfoss,293.026060606061,308.051515151515,3.1134705052684,0.437856089940662,12.8927766798419,-2.69850235057085,124.2A,298779 E 7047235 N,Trøndelag,48.6,98.0,154.0,186.0,202.0,219.0,236.0,261.0,288.0,318.0,362.0,535.0,7.9,22.9,73.3,8.3,2.5,27.3,TRUE,298779,7047235,10.9566575397183,63.4962101041522
skyggeelva,478.654242424242,880.458787878788,7.98520285406123,0.523123783199544,10.9054051383399,-3.3092276695769,083.12B,2055 E 6837656 N,Vestland,8.1,357.0,479.0,534.0,568.0,591.0,616.0,639.0,666.0,694.0,731.0,844.0,62.1,5.1,29.9,2.2,58.4,98.2,TRUE,2055,6837656,5.66793988447525,61.3516215861385
soeberg,408.145757575758,625.064545454545,5.84079482286568,0.518804731158843,11.1811330698287,-5.48378777703157,145.2C6,390067 E 7236256 N,Nordland,16.0,232.0,305.0,322.0,350.0,383.0,423.0,460.0,518.0,570.0,613.0,764.0,43.9,7.4,8.9,13.4,56.3,91.8,TRUE,390067,7236256,12.6480094652879,65.2310658528679
soelbergfallet,296.505454545455,391.196363636364,3.91565751265245,0.466662878223917,12.1247364953887,-3.20272330423103,121.1B1,235158 E 7028671 N,Trøndelag,141.0,153.0,177.0,233.0,282.0,310.0,341.0,374.0,413.0,470.0,563.0,827.0,11.1,21.3,42.1,8.9,16.4,34.6,TRUE,235158,7028671,9.71472203543614,63.2886324104173
soelia,539.246666666667,989.946060606061,8.92462789347051,0.529018069735381,11.236581027668,-2.79766286098052,082.5D,7482 W  6835090 N,Vestland,23.9,228.0,404.0,459.0,509.0,556.0,591.0,618.0,651.0,689.0,723.0,843.0,44.0,10.9,32.5,8.1,43.8,109.1,FALSE,-7482,6835090,5.49901959307696,61.3166047922976
soerdalselva,466.024545454545,901.642424242424,8.1151049531237,0.536980164092609,11.5694137022398,-2.18757219610477,093.2BA,14250 E 6913204 N,Møre og Romsdal,10.6,274.0,342.0,372.0,405.0,438.0,465.0,496.0,531.0,562.0,618.0,859.0,36.0,6.2,12.0,4.7,51.4,77.9,TRUE,14250,6913204,5.69179393504428,62.0364682622104
soks,329.406060606061,427.729696969697,3.51782875632623,0.361819316284583,12.195872859025,-4.23664875755541,019.DA6B,114948 E 6553549 N,Vestfold og Telemark,11.1,466.0,566.0,572,578.0,600.0,622.0,641.0,661.0,693.0,731.0,865.0,9.3,4.7,37.8,22.3,22.2,32.1,TRUE,114948,6553549,8.30086476674055,58.9477190062406
spilling,398.676060606061,676.319393939394,5.76537625487431,0.451985466018237,13.8845849802372,-0.579600402955003,023.A12C,52244 E 6472066 N,Agder,18.6,143.0,234.0,246.0,258.0,269.0,279.0,283.0,291.0,299.0,311.0,353.0,11.6,10.5,80.4,8.3,2.0,45.7,TRUE,52244,6472066,7.38059823198538,58.1617194541711
stampaelva,517.879393939394,857.226363636364,7.84414253712769,0.524462846173692,9.03571146245059,-5.44684351914036,047.11B,14428 E 6708290 N,Vestland,8.8,562.0,769.0,883.0,923.0,955.0,1006.0,1064.0,1110.0,1137.0,1172.0,1268.0,74.3,6.3,3.3,7.5,87.2,127.2,TRUE,14428,6708290,6.2187877737121,60.2198835006227
stoelsdalselva,498.532121212121,850.594242424243,7.7220285406123,0.523050363179064,9.59047760210804,-4.86780725319006,047.2AA,18979 E 6713025 N,Vestland,25.7,263.0,578.0,692.0,784.0,835.0,889.0,941.0,991.0,1040.0,1101.0,1404.0,66.6,10.3,20.1,7.5,65.9,99.8,TRUE,18979,6713025,6.2887389207418,60.267298452542
stoelselva,400.062727272727,701.983333333333,6.46598606156144,0.515405361479948,10.4726877470356,-4.13071860308932,084.CA3B,21666 E 6842181 N,Vestland,5.3,442.0,536.0,609.0,650.0,684.0,722.0,765.0,806.0,858.0,961.0,1090.0,180.5,3.6,23.5,0.9,71.5,81.2,TRUE,21666,6842181,6.01845954704744,61.4163213906971
stokkelandsaana,428.296363636364,745.368787878788,6.32557869410105,0.470497994587831,12.565744400527,-2.23592343854936,025.AA3A,36026 E 6496519 N,Agder,23.8,296.0,388.0,419.0,432.0,442.0,455.0,470.0,485.0,503.0,531.0,624.0,15.9,9.3,71.4,8.5,7.3,56.3,TRUE,36026,6496519,7.05876634444699,58.36255539192
storelva,572.893939393939,977.699090909091,8.5699278188003,0.561978885493181,11.176185770751,-2.82056749496306,069.3A3,13689 W  6797139 N,Vestland,24.9,112.0,287.0,406.0,489.0,558.0,611.0,652.0,684.0,720.0,752.0,852.0,73.9,10.8,29.5,5.7,58.6,135.9,FALSE,-13689,6797139,5.48728538118393,60.9725116048707
straume,268.53,344.941515151515,2.99911308387953,0.369543875281434,10.6147101449275,-5.14017125587643,021.E3A2,77197 E 6570534 N,Agder,20.5,646.0,750.0,771.0,800.0,823.0,840.0,846.0,859.0,871.0,887.0,966.0,18.6,6.8,34.8,18.1,44.4,25.0,TRUE,77197,6570534,7.61756038493161,59.0634819224658
stublielva,318.884848484849,329.426666666667,3.45444370696092,0.435857837928146,8.19914690382082,-10.5453794492948,174.2AA4,610237 E 7584407 N,Nordland,25.9,285.0,437.0,516.0,598.0,703.0,760.0,812.0,910.0,1022.0,1168.0,1615.0,74.4,8.6,20.5,2.5,69.7,46.1,TRUE,610237,7584407,17.6782810315966,68.3511181286911
svartdalen,696.334848484849,1191.71212121212,10.5982112337177,0.575513172983706,11.1698386034256,-2.81838146406985,067.1D,19271 W  6777208 N,Vestland,8.7,429.0,438.0,482.0,506.0,536.0,580.0,621.0,649.0,671.0,703.0,803.0,57.6,4.5,2.5,13.9,83.4,138.7,FALSE,-19271,6777208,5.43902517204922,60.7887899716884
sveingaard,269.564545454545,366.087575757576,3.85220857877707,0.417763780744634,8.73458498023715,-10.1002316991269,203.4AA,677916 E 7712730 N,Troms og Finnmark,31.3,252.0,375.0,455.0,522.0,576.0,639.0,707.0,793.0,886.0,971.0,1282.0,132.5,2.7,4.4,6.0,77.5,57.0,TRUE,677916,7712730,19.548107441616,69.4641016004081
takle,595.180303030303,1129.51181818182,10.0477076246578,0.5625605629929,11.8016831357049,-1.78691067830759,069.2AB,18601 W  6802384 N,Vestland,2.9,289.0,292.0,305,318.0,353.0,395.0,437.0,478.0,526.0,565.0,660.0,126.7,2.6,49.3,21.3,27.7,126.3,FALSE,-18601,6802384,5.38366199150859,61.0125376194472
tesgjolo,429.759696969697,766.251212121212,7.41645316518709,0.49283336496683,8.1341139657444,-6.88378777703157,062.E1Z,31251 E 6744699 N,Vestland,11.9,501.0,777.0,890.0,1005.0,1092.0,1150.0,1184.0,1211.0,1236.0,1268.0,1346.0,140.9,5.8,12.0,2.9,81.0,112.3,TRUE,31251,6744699,6.43390658369413,60.5628547174527
tjoeredalselva,501.893939393939,889.960606060606,7.87350120302,0.530515338078737,11.6680270092227,-2.31032572196105,082.DB,4637 W  6822084 N,Vestland,27.4,247.0,304.0,346.0,392.0,449.0,504.0,544.0,574.0,604.0,645.0,748.0,13.6,11.1,40.1,7.5,41.7,94.1,FALSE,-4637,6822084,5.5862677537725,61.2051100318324
tjoetaelva,429.506060606061,812.115151515152,7.36120716833983,0.518468544749275,8.67029644268775,-6.36582605775688,086.92B,24188 E 6879666 N,Vestland,3.4,377.0,785.0,988.0,1044.0,1076.0,1104.0,1135.0,1169.0,1208.0,1254.0,1341.0,299.4,2.7,4.2,1.2,81.9,118.7,TRUE,24188,6879666,5.96816055399736,61.7517958954775
toemmerdal,292.310909090909,455.515151515152,4.38541773832241,0.484764891137203,12.3584947299078,-3.1055036937542,131.6Z,280423 E 7064693 N,Trøndelag,15.9,162.0,222.0,247.0,265.0,284.0,310.0,340.0,368.0,404.0,450.0,562.0,25.8,10.1,51.6,1.9,18.4,48.7,TRUE,280423,7064693,10.5647983610677,63.6415550316724
toesse,591.182121212121,993.230909090909,8.84455737160873,0.541724279409776,12.2864097496706,-1.52827736736064,060.6B0,13642 W  6756644 N,Vestland,33.3,72.0,148.0,209.0,271.0,322.0,402.0,476.0,546.0,605.0,660.0,865.0,103.0,5.0,49.0,8.8,36.1,90.9,FALSE,-13642,6756644,5.59484637321619,60.6139454616894
torvikelva,300.909696969697,646.07303030303,5.84235625985232,0.505930996546077,12.0935770750988,-1.68046675621222,089.421B,18756 E 6900281 N,Vestland,13.8,116.0,203.0,243.0,306.0,376.0,434.0,487.0,544.0,610.0,715.0,977.0,132.2,5.7,34.0,0.5,41.0,65.3,TRUE,18756,6900281,5.81164014357334,61.9277107467871
tossevikelva,317.219696969697,281.666363636364,2.71081722392765,0.309189208848135,11.4731357048748,-6.83037609133647,012.G21B,225346 E 6709605 N,Viken,23.1,479.0,604.0,646.0,668.0,696.0,722.0,746.0,762.0,782.0,835.0,1051.0,28.5,9.7,73.0,3.7,5.3,23.5,TRUE,225346,6709605,10.0079434427565,60.4289926693828
tou_moelle,415.716060606061,642.664545454545,5.5580328548909,0.483609264560974,13.2834156785244,-0.219654130288784,032.4A2,20017 W  6582716 N,Rogaland,87.4,9.0,43.0,64.0,123.0,202.0,290.0,376.0,449.0,520.0,615.0,782.0,11.1,27.1,37.0,12.8,28.8,52.5,FALSE,-20017,6582716,5.91369007145886,59.0644991484458
tua,263.475757575758,416.369090909091,4.08333360988965,0.475874022155571,12.1759453227932,-3.75732034922767,129.5AA,302648 E 7097727 N,Trøndelag,16.1,176.0,234.0,287.0,326.0,357.0,382.0,403.0,419.0,437.0,467.0,607.0,35.7,9.0,39.3,1.2,46.7,46.0,TRUE,302648,7097727,10.9702706575456,63.9504111605835
tveitaskar,748.894848484849,1283.09545454545,12.0938139882187,0.578673416156269,9.11972990777339,-5.46753190060443,053.D5,1410 W  6720192 N,Vestland,4.1,389.0,710.0,800.0,886.0,946.0,1020.0,1086.0,1135.0,1169.0,1207.0,1291.0,247.9,2.7,0.0,1.4,97.8,158.0,FALSE,-1410,6720192,5.9070250053067,60.3062697894751
tverraaga,383.31696969697,595.932121212121,6.28430930058907,0.491988466464894,7.69898221343874,-10.4596709200806,155.AC4A,459021 E 7325710 N,Nordland,7.4,561.0,758.0,839.0,878.0,924.0,987.0,1049.0,1099.0,1148.0,1195.0,1270.0,56.9,4.6,0.1,0.4,97.0,75.8,TRUE,459021,7325710,14.0953369212133,66.0493821075752
tverraani,254.800303030303,178.51,1.82063469675599,0.292417166646398,10.0797167325428,-7.92743116185359,012.CC7AB,182834 E 6731272 N,Viken,27.9,737.0,840.0,869.0,889.0,908.0,921.0,938.0,964.0,997.0,1027.0,1105.0,29.1,7.8,75.9,3.7,4.2,20.2,TRUE,182834,6731272,9.2049669080709,60.5914416969642
tverrgjuvlo,489.861818181818,873.309090909091,8.06685306562681,0.538237624009938,9.6598814229249,-5.17956682337139,062.BA2B,16036 E 6764675 N,Vestland,8.2,480.0,659.0,744.0,811.0,842.0,877.0,907.0,930.0,953.0,978.0,1078.0,100.5,5.5,8.3,3.1,85.2,111.1,TRUE,16036,6764675,6.11063345250308,60.722063189324
tverrlielva,491.516666666667,865.729696969697,8.01742719654858,0.537405227369074,9.13275032938076,-5.84010073875084,062.BA42A,19547 E 6766698 N,Vestland,4.9,676.0,792.0,834.0,867.0,897.0,916.0,936.0,958.0,996.0,1075.0,1193.0,91.3,3.6,0.0,0.4,99.1,112.5,TRUE,19547,6766698,6.16925715623713,60.7442448511803
tysseelva,527.519393939394,858.609696969697,7.62887994690119,0.496067028159874,11.3888109354414,-3.2387239758227,035.72A1,3413 E 6617757 N,Rogaland,10.7,392.0,497.0,530.0,545.0,576.0,609.0,641.0,674.0,747.0,827.0,924.0,58.0,7.1,32.6,15.5,49.0,91.9,TRUE,3413,6617757,6.23746636638924,59.4034150424622
tyttebaerelva,203.808787878788,276.801212121212,2.7162648303327,0.353498304861292,8.98419960474308,-9.74902619207522,203.73A,693263 E 7729574 N,Troms og Finnmark,13.1,112.0,305.0,362.0,416.0,471.0,561.0,645.0,729.0,832.0,972.0,1489.0,47.8,5.6,5.4,0.0,93.4,64.1,TRUE,693263,7729574,19.9736045210908,69.6039312314859
ulvilla,327.639696969697,320.896363636364,3.26880195801875,0.446326896390258,12.9038636363636,-3.40880456682337,127.B2A4,342960 E 7078592 N,Trøndelag,24.8,121.0,143.0,146.0,165.0,185.0,211.0,242.0,290.0,348.0,412.0,477.0,12.3,10.8,64.4,16.9,0.0,32.1,TRUE,342960,7078592,11.8111678672561,63.7994758706311
urdsdalselva,407.521212121212,720.4,6.77583340247241,0.532422667465271,9.82687747035573,-7.34781396910678,152.31B,413719 E 7316645 N,Nordland,8.1,199.0,452.0,596.0,626.0,646.0,671.0,699.0,725.0,751.0,788.0,888.0,91.8,6.4,3.1,4.2,89.5,93.5,TRUE,413719,7316645,13.1017899722258,65.9589954795044
urdsdalselva_overfoering,372.868484848485,664.218787878788,6.20730108686634,0.523953679468194,10.3792621870883,-6.50402955003358,152.31AB,413552 E 7316643 N,Nordland,0.8,200.0,373.0,424.0,468.0,507.0,543.0,582.0,624.0,669.0,714.0,764.0,357.4,1.0,12.3,0.0,83.3,79.1,TRUE,413552,7316643,13.0981197237936,65.9589321788741
urlandaaga,327.806666666667,546.757575757576,5.38596449016842,0.463342838536191,10.4009848484848,-6.8169442578912,156.21A,448854 E 7344850 N,Nordland,12.7,275.0,345.0,404.0,458.0,511.0,569.0,637.0,694.0,763.0,820.0,909.0,75.5,7.5,36.9,1.3,53.2,61.1,TRUE,448854,7344850,13.8632705336514,66.2195826067452
usma,316.821818181818,383.632727272727,3.96608230316104,0.381400867629158,8.46146903820817,-7.72624580255205,109.4C,156182 E 6961351 N,Møre og Romsdal,44.1,318.0,716.0,916.0,1000.0,1052.0,1114.0,1163.0,1219.0,1288.0,1376.0,1798.0,108.0,9.4,7.1,3.3,88.3,70.3,TRUE,156182,6961351,8.28991962523121,62.6217257033249
vaagaaana,609.386363636364,1045.24636363636,8.97413507010703,0.51914409986032,10.9224901185771,-3.73877434519812,038.21C,1240 W  6629423 N,Rogaland,5.1,463.0,527.0,547.0,570.0,596.0,647.0,699.0,738.0,773.0,825.0,945.0,98.3,3.7,4.2,2.2,77.1,101.6,FALSE,-1240,6629423,6.12920780196875,59.5014220021276
valaae,197.415454545455,156.316363636364,2.08988882435908,0.288176080757476,6.62440711462451,-9.77136668905306,002.DM2A,161503 E 6910245 N,Innlandet,22.2,878.0,1280.0,1303.0,1362.0,1406.0,1432.0,1455.0,1478.0,1507.0,1560.0,1741.0,52.1,7.5,0.3,2.4,94.8,20.1,TRUE,161503,6910245,8.49298890649311,62.1709143116038
valdra,390.975757575758,631.910606060606,5.5200066373517,0.498057551749181,11.8285606060606,-2.55027871054399,042.12C,6666 W  6654894 N,Vestland,3.7,335.0,442.0,487.0,520.0,543.0,572.0,603.0,633.0,678.0,740.0,902.0,78.8,3.8,38.0,0.0,51.7,92.0,FALSE,-6666,6654894,5.97366212002229,59.7208236672817
valdra_overfoering,389.312727272727,626.742424242424,5.46926989131337,0.496064300481094,11.3818939393939,-3.08654801880457,042.12B1A,7051 W  6654513 N,Vestland,0.4,380.0,429.0,454.0,478.0,495.0,514.0,538.0,582.0,639.0,709.0,769.0,134.8,0.8,66.6,0.0,27.3,90.1,FALSE,-7051,6654513,5.9678205153956,59.7169762948337
valdra_sideinntak_1,389.312727272727,626.742424242424,5.46926989131337,0.496064300481094,11.3818939393939,-3.08654801880457,042.12B3A,6964 W  6654639 N,Vestland,0.6,351.0,434.0,478.0,511.0,535.0,560.0,587.0,611.0,641.0,700.0,779.0,183.6,1.5,54.0,0.0,44.9,91.9,FALSE,-6964,6654639,5.96904429270266,59.7181996004233
valdra_sideinntak_2,387.755151515152,622.44696969697,5.42996598357255,0.495399201472037,12.1425164690382,-2.1373438549362,042.12AAA,7464 W  6654339 N,Vestland,0.5,377.0,451.0,488.0,512.0,527.0,554.0,586.0,626.0,662.0,707.0,768.0,109.8,0.9,53.3,0.0,38.9,87.5,FALSE,-7464,6654339,5.96098957464361,59.7149302821568
valdra_sideinntak_3,387.755151515152,622.44696969697,5.42996598357255,0.495399201472037,12.1425164690382,-2.1373438549362,042.12AB,7616 W  6654155 N,Vestland,0.9,380.0,461.0,483.0,500.0,530.0,562.0,600.0,642.0,684.0,710.0,763.0,203.1,1.6,44.5,0.6,47.2,85.6,FALSE,-7616,6654155,5.95876509453776,59.7131133643403
valken,280.711515151515,364.884242424242,3.64365220277109,0.412446852883782,8.90095849802372,-9.79703492276696,163.5B4,523115 E 7445455 N,Nordland,59.2,327.0,506.0,611.0,680.0,741.0,799.0,834.0,866.0,897.0,941.0,1134.0,30.6,17.1,9.4,4.8,82.8,45.6,TRUE,523115,7445455,15.5328817005016,67.1253686436153
vanndoela,328.334545454545,545.759090909091,5.31047457064631,0.448321511497734,6.84275032938076,-8.76805238415044,076.D3C,93171 E 6853222 N,Vestland,7.5,705.0,995.0,1058.0,1104.0,1175.0,1257.0,1337.0,1414.0,1468.0,1537.0,1641.0,177.3,4.6,6.8,4.1,84.8,75.6,TRUE,93171,6853222,7.32137993091223,61.5961341767014
vanndoela_overfoering,289.517878787879,502.827575757576,4.69547747448768,0.441264551882155,10.0927898550725,-5.92886165211551,076.D3AA,93150 E 6853116 N,Vestland,1.3,716.0,786.0,826.0,868.0,912.0,959.0,1004.0,1052.0,1105.0,1182.0,1308.0,147.4,0.6,38.0,0.0,62.1,57.2,TRUE,93150,6853116,7.3212225313294,61.5951689813489
vannebo,313.636060606061,474.362424242424,4.46506181033768,0.485598197004327,12.1817984189723,-4.32474479516454,139.A2B,345347 E 7157056 N,Trøndelag,17.3,152.0,165.0,193.0,218.0,245.0,293.0,333.0,377.0,415.0,471.0,591.0,-999m/km,-999km,47.2,4.1,30.3,51.4,TRUE,345347,7157056,11.77900668799,64.5035750818994
vassvikelva,398.70696969697,753.718181818182,7.03946984153323,0.488517495218038,9.1053162055336,-5.39789120214909,042.3H,26771 E 6672924 N,Vestland,6.0,684.0,846.0,910.0,948.0,971.0,997.0,1028.0,1060.0,1084.0,1101.0,1148.0,97.1,4.6,0.0,4.9,90.8,97.0,TRUE,26771,6672924,6.52066681233522,59.9203356900659
veiaani,334.041818181818,537.958484848485,4.53545092508089,0.414452378706376,12.0283036890646,-3.47444593687038,022.EA10,64241 E 6526917 N,Agder,4.8,487.0,513.0,528.0,550.0,581.0,615.0,629.0,649.0,667.0,683.0,721.0,43.7,3.6,37.0,5.0,49.0,46.9,TRUE,64241,6526917,7.47878381080155,58.6621581909078
veiski,340.296060606061,464.012121212121,4.72989214303493,0.444160664826241,7.5709255599473,-11.6704633982539,166.E4,542606 E 7469796 N,Nordland,41.0,791.0,793.0,827.0,864.0,911.0,944.0,962.0,989.0,1028.0,1066.0,1250.0,14.4,14.0,0.0,20.3,78.0,79.8,TRUE,542606,7469796,15.9911037944444,67.3415496916895
venna,365.789696969697,522.900303030303,5.0708271799552,0.469900178322,11.3683695652174,-4.01373404969778,119.411B0,214681 E 7035648 N,Trøndelag,18.6,203.0,338.0,400.0,438.0,469.0,497.0,529.0,564.0,606.0,648.0,789.0,57.7,6.4,14.1,3.7,64.3,54.2,TRUE,214681,7035648,9.29605795055746,63.3352400623824
ytre_alsaaker,329.560909090909,601.371212121212,5.39577781465195,0.449494186066335,9.46571475625823,-5.17656480859637,047.4A,32841 E 6723831 N,Vestland,20.0,212.0,581.0,689.0,779.0,852.0,900.0,964.0,1021.0,1064.0,1140.0,1366.0,88.0,10.0,14.3,5.4,77.8,87.7,TRUE,32841,6723831,6.51147327018403,60.3794028209702
